1000.0,1000.0,inf,0.0
1001.0,1000.0,inf,-0.0999000999000999
1002.0,1000.0,inf,-0.19960079840319359
1003.0,1000.0,inf,-0.29910269192422734
1004.0,1000.0,inf,-0.398406374501992
1005.0,1000.0,inf,-0.4975124378109453
1006.0,1000.0,inf,-0.5964214711729622
1007.0,1000.0,inf,-0.6951340615690168
1008.0,1000.0,inf,-0.7936507936507936
1009.0,1000.0,inf,-0.8919722497522299
1010.0,1000.0,inf,-0.9900990099009901
1011.0,1000.0,inf,-1.0880316518298714
1012.0,1000.0,inf,-1.185770750988142
1013.0,1000.0,inf,-1.2833168805528135
1014.0,1000.0,inf,-1.3806706114398422
1015.0,1000.0,inf,-1.477832512315271
1016.0,1500.0,3300.0,1.500984251968504
1017.0,1500.0,3300.0,1.4011799410029497
1018.0,1500.0,3300.0,1.3015717092337917
1019.0,1500.0,3300.0,1.2021589793915604
1020.0,1500.0,3300.0,1.1029411764705883
1021.0,1500.0,3300.0,1.0039177277179236
1022.0,1500.0,3300.0,0.9050880626223091
1023.0,1500.0,3300.0,0.8064516129032258
1024.0,1500.0,3300.0,0.7080078125
1025.0,1500.0,3300.0,0.6097560975609756
1026.0,1500.0,3300.0,0.5116959064327485
1027.0,1500.0,3300.0,0.41382667964946446
1028.0,1500.0,3300.0,0.316147859922179
1029.0,1500.0,3300.0,0.21865889212827988
1030.0,1500.0,3300.0,0.12135922330097086
1031.0,1500.0,3300.0,0.024248302618816685
1032.0,1500.0,3300.0,-0.07267441860465117
1033.0,1500.0,3300.0,-0.16940948693126814
1034.0,1500.0,3300.0,-0.26595744680851063
1035.0,1500.0,3300.0,-0.36231884057971014
1036.0,1500.0,3300.0,-0.4584942084942085
1037.0,1500.0,3300.0,-0.5544840887174541
1038.0,1500.0,3300.0,-0.6502890173410405
1039.0,1500.0,3300.0,-0.7459095283926853
1040.0,1500.0,3300.0,-0.8413461538461539
1041.0,1500.0,3300.0,-0.9365994236311239
1042.0,1500.0,3300.0,-1.0316698656429943
1043.0,1500.0,3300.0,-1.1265580057526365
1044.0,1500.0,3300.0,-1.221264367816092
1045.0,1500.0,3300.0,-1.3157894736842104
1046.0,1500.0,3300.0,-1.410133843212237
1047.0,1500.0,3300.0,-1.5042979942693409
1048.0,1500.0,3300.0,-1.5982824427480915
1049.0,1500.0,3300.0,-1.6920877025738796
1050.0,1500.0,3300.0,-1.7857142857142856
1051.0,1500.0,3300.0,-1.879162702188392
1052.0,1500.0,3300.0,-1.9724334600760456
1053.0,1500.0,3300.0,-2.0655270655270654
1054.0,1500.0,3300.0,-2.1584440227703983
1055.0,1500.0,3300.0,-2.251184834123223
1056.0,1500.0,3300.0,-2.34375
1057.0,1500.0,3300.0,-2.436140018921476
1058.0,1500.0,3300.0,-2.5283553875236295
1059.0,1500.0,3300.0,-2.6203966005665724
1060.0,1500.0,3300.0,-2.7122641509433962
1061.0,1500.0,3300.0,-2.803958529688973
1062.0,1500.0,3300.0,-2.8954802259887007
1063.0,1500.0,3300.0,-2.986829727187206
1064.0,1500.0,3300.0,-3.0780075187969924
1065.0,1500.0,3300.0,-3.169014084507042
1066.0,1500.0,3300.0,-3.25984990619137
1067.0,1500.0,3300.0,-3.350515463917526
1068.0,1500.0,3300.0,-3.4410112359550564
1069.0,1500.0,3300.0,-3.5313376987839105
1070.0,1500.0,3300.0,-3.6214953271028034
1071.0,1500.0,3300.0,-3.711484593837535
1072.0,1500.0,3300.0,-3.801305970149254
1073.0,1500.0,3300.0,-3.8909599254426843
1074.0,1500.0,3300.0,-3.9804469273743015
1075.0,1500.0,3300.0,-4.069767441860465
1076.0,1500.0,3300.0,-4.158921933085502
1077.0,1500.0,3300.0,-4.247910863509749
1078.0,1500.0,3300.0,-4.336734693877551
1079.0,1500.0,3300.0,-4.425393883225208
1080.0,1500.0,3300.0,-4.513888888888888
1081.0,1500.0,3300.0,-4.602220166512488
1082.0,1500.0,3300.0,-4.690388170055453
1083.0,1500.0,3300.0,-4.778393351800554
1084.0,1500.0,3300.0,-4.8662361623616235
1085.0,1500.0,3300.0,-4.953917050691245
1086.0,1500.0,3300.0,-5.041436464088398
1087.0,1500.0,3300.0,-5.128794848206072
1088.0,1500.0,3300.0,-5.215992647058823
1089.0,1500.0,3300.0,-5.303030303030303
1090.0,1500.0,3300.0,-5.389908256880735
1091.0,1500.0,4700.0,4.225185535613959
1092.0,1500.0,4700.0,4.129741226515412
1093.0,1500.0,4700.0,4.034471563911097
1094.0,1500.0,4700.0,3.9393760688801
1095.0,1500.0,4700.0,3.8444542642509862
1096.0,1500.0,4700.0,3.749705674593823
1097.0,1500.0,4700.0,3.6551298262122422
1098.0,1500.0,4700.0,3.560726247135546
1099.0,1500.0,4700.0,3.4664944671108553
1100.0,1500.0,4700.0,3.3724340175953
1101.0,2200.0,2200.0,-0.09082652134423251
1102.0,2200.0,2200.0,-0.18148820326678766
1103.0,2200.0,2200.0,-0.271985494106981
1104.0,2200.0,2200.0,-0.36231884057971014
1105.0,2200.0,2200.0,-0.4524886877828055
1106.0,2200.0,2200.0,-0.5424954792043399
1107.0,2200.0,2200.0,-0.6323396567299007
1108.0,2200.0,2200.0,-0.7220216606498195
1109.0,2200.0,2200.0,-0.8115419296663661
1110.0,2200.0,2200.0,-0.9009009009009009
1111.0,2200.0,2200.0,-0.9900990099009901
1112.0,2200.0,2200.0,-1.079136690647482
1113.0,2200.0,2200.0,-1.1680143755615455
1114.0,2200.0,2200.0,-1.2567324955116697
1115.0,2200.0,2200.0,-1.345291479820628
1116.0,2200.0,2200.0,-1.4336917562724014
1117.0,2200.0,2200.0,-1.521933751119069
1118.0,2200.0,2200.0,-1.6100178890876566
1119.0,1500.0,4700.0,1.6172273631410456
1120.0,1500.0,4700.0,1.5264976958525267
1121.0,1500.0,4700.0,1.4359299012977964
1122.0,1500.0,4700.0,1.3455235466620588
1123.0,1500.0,4700.0,1.2552782006721548
1124.0,1500.0,4700.0,1.1651934335897063
1125.0,1500.0,4700.0,1.0752688172042932
1126.0,1500.0,4700.0,0.9855039248266695
1127.0,1500.0,4700.0,0.8958983312820141
1128.0,1500.0,4700.0,0.806451612903218
1129.0,1500.0,4700.0,0.7171633475242072
1130.0,1500.0,4700.0,0.6280331144733008
1131.0,1500.0,4700.0,0.5390604945666047
1132.0,1500.0,4700.0,0.4502450701014398
1133.0,1500.0,4700.0,0.36158642484980574
1134.0,1500.0,4700.0,0.27308414405187825
1135.0,1500.0,4700.0,0.18473781440954176
1136.0,1500.0,4700.0,0.09654702407995591
1137.0,1500.0,4700.0,0.008511362669155592
1138.0,1500.0,4700.0,-0.07936957877431468
1139.0,1500.0,4700.0,-0.16709620776573317
1140.0,1500.0,4700.0,-0.2546689303905001
1141.0,1500.0,4700.0,-0.34208815131040327
1142.0,1500.0,4700.0,-0.42935427376985125
1143.0,1500.0,4700.0,-0.5164676996020735
1144.0,1500.0,4700.0,-0.6034288292352885
1145.0,1500.0,4700.0,-0.6902380616988385
1146.0,1500.0,4700.0,-0.7768957946292933
1147.0,1500.0,4700.0,-0.8634024242765215
1148.0,1500.0,4700.0,-0.94975834550973
1149.0,1500.0,4700.0,-1.0359639518234727
1150.0,1500.0,4700.0,-1.122019635343626
1151.0,1500.0,4700.0,-1.2079257868333364
1152.0,1500.0,4700.0,-1.2936827956989325
1153.0,1500.0,4700.0,-1.379291049995811
1154.0,1500.0,4700.0,-1.4647509364342897
1155.0,1500.0,4700.0,-1.5500628403854286
1156.0,1500.0,4700.0,-1.6352271458868255
1157.0,1500.0,4700.0,-1.7202442356483751
1158.0,1500.0,4700.0,-1.8051144910580055
1159.0,1500.0,4700.0,-1.889838292187377
1160.0,1500.0,4700.0,-1.9744160177975603
1161.0,1500.0,4700.0,-2.058848045344677
1162.0,1500.0,4700.0,-2.1431347509855163
1163.0,1500.0,4700.0,-2.2272765095831213
1164.0,1500.0,4700.0,-2.3112736947123453
1165.0,1500.0,4700.0,-2.395126678665382
1166.0,1500.0,4700.0,-2.478835832457264
1167.0,1500.0,4700.0,-2.5624015258313366
1168.0,1500.0,4700.0,-2.6458241272647003
1169.0,1500.0,4700.0,-2.729104003973627
1170.0,1500.0,4700.0,-2.8122415219189487
1171.0,1500.0,4700.0,-2.8952370458114176
1172.0,1500.0,4700.0,-2.978090939117039
1173.0,1500.0,4700.0,-3.0608035640623785
1174.0,1500.0,4700.0,-3.1433752816398384
1175.0,1500.0,4700.0,-3.2258064516129106
1176.0,1500.0,4700.0,-3.3080974325214028
1177.0,1500.0,4700.0,-3.3902485816866355
1178.0,1500.0,4700.0,-3.472260255216613
1179.0,1500.0,4700.0,-3.5541328080111705
1180.0,1500.0,4700.0,-3.6358665937670933
1181.0,1500.0,4700.0,-3.717461964983209
1182.0,1500.0,4700.0,-3.798919272965457
1183.0,1500.0,4700.0,-3.8802388678319275
1184.0,1500.0,4700.0,-3.96142109851788
1185.0,1500.0,4700.0,-4.042466312780734
1186.0,1500.0,4700.0,-4.123374857205034
1187.0,1500.0,4700.0,-4.204147077207388
1188.0,1500.0,4700.0,-4.284783317041389
1189.0,1500.0,4700.0,-4.365283919802498
1190.0,1500.0,6800.0,3.270223752151479
1191.0,1500.0,6800.0,3.18351491608754
1192.0,1500.0,6800.0,3.096951564647869
1193.0,1500.0,6800.0,3.0105333319868066
1194.0,1500.0,6800.0,2.9242598534843047
1195.0,1500.0,6800.0,2.8381307657408033
1196.0,1500.0,6800.0,2.7521457065721235
1197.0,1500.0,6800.0,2.6663043150043944
1198.0,1500.0,6800.0,2.580606231268998
1199.0,1500.0,6800.0,2.495051096797548
1200.0,1500.0,6800.0,2.409638554216883
1201.0,1500.0,6800.0,2.3243682473440965
1202.0,1500.0,6800.0,2.2392398211815805
1203.0,1500.0,6800.0,2.1542529219121027
1204.0,1500.0,6800.0,2.0694071968939034
1205.0,1500.0,6800.0,1.9847022946558175
1206.0,1500.0,6800.0,1.9001378648924212
1207.0,1500.0,6800.0,1.8157135584592046
1208.0,1500.0,6800.0,1.731429027367765
1209.0,1500.0,6800.0,1.6472839247810254
1210.0,1500.0,6800.0,1.5632779050084793
1211.0,1500.0,6800.0,1.4794106235014532
1212.0,1500.0,6800.0,1.3956817368483994
1213.0,1500.0,6800.0,1.312090902770206
1214.0,1500.0,6800.0,1.2286377801155353
1215.0,1500.0,6800.0,1.145322028856181
1216.0,1500.0,6800.0,1.0621433100824507
1217.0,1500.0,6800.0,0.97910128599857
1218.0,1500.0,6800.0,0.8961956199181116
1219.0,1500.0,6800.0,0.8134259762594421
1220.0,1500.0,6800.0,0.7307920205411966
1221.0,1500.0,6800.0,0.6482934193777722
1222.0,1500.0,6800.0,0.5659298404748444
1223.0,1500.0,6800.0,0.48370095262490587
1224.0,1500.0,6800.0,0.4016064257028267
1225.0,1500.0,6800.0,0.31964593066143665
1226.0,1500.0,6800.0,0.23781913952712874
1227.0,1500.0,6800.0,0.1561257253954848
1228.0,1500.0,6800.0,0.07456536242692172
1229.0,1500.0,6800.0,-0.006862274157640467
1230.0,1500.0,6800.0,-0.08815750808108955
1231.0,1500.0,6800.0,-0.16932066201441115
1232.0,1500.0,6800.0,-0.25035205758095785
1233.0,1500.0,6800.0,-0.3312520153606976
1234.0,1500.0,6800.0,-0.4120208548944409
1235.0,1500.0,6800.0,-0.49265889468804874
1236.0,1500.0,6800.0,-0.5731664522166182
1237.0,1500.0,6800.0,-0.6535438439286501
1238.0,1500.0,6800.0,-0.7337913852501939
1239.0,1500.0,6800.0,-0.813909390588975
1240.0,1500.0,6800.0,-0.8938981733385001
1241.0,1500.0,6800.0,-0.9737580458821435
1242.0,1500.0,6800.0,-1.0534893195972144
1243.0,1500.0,6800.0,-1.1330923048590025
1244.0,1500.0,6800.0,-1.2125673110448072
1245.0,1500.0,6800.0,-1.2919146465379439
1246.0,1500.0,6800.0,-1.3711346187317337
1247.0,1500.0,6800.0,-1.4502275340334725
1248.0,1500.0,6800.0,-1.5291936978683816
1249.0,1500.0,6800.0,-1.6080334146835389
1250.0,1500.0,6800.0,-1.686746987951792
1251.0,1500.0,6800.0,-1.7653347201756517
1252.0,1500.0,6800.0,-1.8437969128911662
1253.0,1500.0,6800.0,-1.92213386667178
1254.0,1500.0,6800.0,-2.0003458811321693
1255.0,1500.0,6800.0,-2.078433254932064
1256.0,1500.0,6800.0,-2.156396285780048
1257.0,1500.0,6800.0,-2.234235270437343
1258.0,1500.0,6800.0,-2.311950504721574
1259.0,1500.0,6800.0,-2.3895422835105165
1260.0,1500.0,6800.0,-2.4670109007458256
1261.0,1500.0,6800.0,-2.544356649436749
1262.0,1500.0,6800.0,-2.6215798216638198
1263.0,1500.0,6800.0,-2.698680708582534
1264.0,1500.0,6800.0,-2.7756596004270095
1265.0,1500.0,6800.0,-2.8525167865136285
1266.0,1500.0,6800.0,-2.9292525552446604
1267.0,1500.0,6800.0,-3.0058671941118704
1268.0,1500.0,6800.0,-3.0823609897001103
1269.0,1500.0,6800.0,-3.15873422769089
1270.0,1500.0,6800.0,-3.2349871928659373
1271.0,1500.0,6800.0,-3.3111201691107315
1272.0,1500.0,6800.0,-3.3871334394180344
1273.0,1500.0,10000.0,2.462515796304517
1274.0,1500.0,10000.0,2.3820899597297096
1275.0,1500.0,10000.0,2.3017902813299216
1276.0,1500.0,10000.0,2.2216164644950234
1277.0,1500.0,10000.0,2.1415682135439704
1278.0,1500.0,10000.0,2.0616452337211664
1279.0,1500.0,10000.0,1.9818472311928463
1280.0,1500.0,10000.0,1.9021739130434767
1281.0,1500.0,10000.0,1.8226249872721705
1282.0,1500.0,10000.0,1.7432001627891185
1283.0,1500.0,10000.0,1.6638991494120423
1284.0,1500.0,10000.0,1.584721657862656
1285.0,1500.0,10000.0,1.5056673997631518
1286.0,1500.0,10000.0,1.4267360876326984
1287.0,1500.0,10000.0,1.347927434883955
1288.0,1500.0,10000.0,1.2692411558196042
1289.0,1500.0,10000.0,1.1906769656288987
1290.0,1500.0,10000.0,1.112234580384225
1291.0,1500.0,10000.0,1.0339137170376842
1292.0,1500.0,10000.0,0.955714093417686
1293.0,1500.0,10000.0,0.8776354282255607
1294.0,1500.0,10000.0,0.7996774410321872
1295.0,1500.0,10000.0,0.7218398522746333
1296.0,1500.0,10000.0,0.6441223832528165
1297.0,1500.0,10000.0,0.5665247561261759
1298.0,1500.0,10000.0,0.48904669391036226
1299.0,1500.0,10000.0,0.41168792047394165
1300.0,1500.0,10000.0,0.33444816053511556
1301.0,1500.0,10000.0,0.2573271396584552
1302.0,1500.0,10000.0,0.18032458425165146
1303.0,1500.0,10000.0,0.1034402215622795
1304.0,1500.0,10000.0,0.026673779674578374
1305.0,1500.0,10000.0,-0.04997501249375464
1306.0,1500.0,10000.0,-0.12650642519475483
1307.0,1500.0,10000.0,-0.20292072785336634
1308.0,1500.0,10000.0,-0.27921818907060386
1309.0,1500.0,10000.0,-0.3553990766266996
1310.0,1500.0,10000.0,-0.4314636574842365
1311.0,1500.0,10000.0,-0.507412197791266
1312.0,1500.0,10000.0,-0.583244962884413
1313.0,2200.0,3300.0,0.5331302361005331
1314.0,2200.0,3300.0,0.45662100456621
1315.0,2200.0,3300.0,0.38022813688212925
1316.0,2200.0,3300.0,0.303951367781155
1317.0,2200.0,3300.0,0.22779043280182232
1318.0,2200.0,3300.0,0.15174506828528073
1319.0,2200.0,3300.0,0.0758150113722517
1320.0,2200.0,3300.0,0.0
1321.0,2200.0,3300.0,-0.0757002271006813
1322.0,2200.0,3300.0,-0.15128593040847202
1323.0,2200.0,3300.0,-0.22675736961451248
1324.0,2200.0,3300.0,-0.3021148036253776
1325.0,2200.0,3300.0,-0.37735849056603776
1326.0,2200.0,3300.0,-0.4524886877828055
1327.0,2200.0,3300.0,-0.5275056518462697
1328.0,2200.0,3300.0,-0.6024096385542169
1329.0,2200.0,3300.0,-0.6772009029345373
1330.0,2200.0,3300.0,-0.7518796992481203
1331.0,2200.0,3300.0,-0.8264462809917356
1332.0,2200.0,3300.0,-0.9009009009009009
1333.0,2200.0,3300.0,-0.9752438109527383
1334.0,2200.0,3300.0,-1.0494752623688157
1335.0,2200.0,3300.0,-1.1235955056179776
1336.0,2200.0,3300.0,-1.1976047904191618
1337.0,2200.0,3300.0,-1.2715033657442034
1338.0,2200.0,3300.0,-1.345291479820628
1339.0,2200.0,3300.0,-1.4189693801344287
1340.0,2200.0,3300.0,-1.4925373134328357
1341.0,2200.0,3300.0,-1.5659955257270695
1342.0,1500.0,15000.0,1.6122476629182945
1343.0,1500.0,15000.0,1.5365870168550642
1344.0,1500.0,15000.0,1.4610389610389518
1345.0,1500.0,15000.0,1.3856032443392947
1346.0,1500.0,15000.0,1.3102796163717318
1347.0,1500.0,15000.0,1.2350678274954352
1348.0,1500.0,15000.0,1.1599676288103495
1349.0,1500.0,15000.0,1.0849787721544486
1350.0,1500.0,15000.0,1.010101010101001
1351.0,1500.0,15000.0,0.9353340959558485
1352.0,1500.0,15000.0,0.8606777837546977
1353.0,1500.0,15000.0,0.7861318282604222
1354.0,1500.0,15000.0,0.7116959849603776
1355.0,1500.0,15000.0,0.6373700100637278
1356.0,1500.0,15000.0,0.563153660498784
1357.0,1500.0,15000.0,0.4890466939103546
1358.0,1500.0,15000.0,0.415048868657107
1359.0,1500.0,15000.0,0.3411599438089413
1360.0,1500.0,15000.0,0.2673796791443759
1361.0,1500.0,15000.0,0.1937078351479436
1362.0,1500.0,15000.0,0.12014417300760002
1363.0,1500.0,15000.0,0.04668845461214324
1364.0,1500.0,15000.0,-0.026659557451355398
1365.0,1500.0,15000.0,-0.09990009990010898
1366.0,1500.0,15000.0,-0.17303340875816162
1367.0,1500.0,15000.0,-0.24605971935892376
1368.0,1500.0,15000.0,-0.31897926634769647
1369.0,1500.0,15000.0,-0.3917922836841847
1370.0,1500.0,15000.0,-0.46449900464499916
1371.0,1500.0,15000.0,-0.5370996618261479
1372.0,1500.0,15000.0,-0.6095944871455166
1373.0,1500.0,15000.0,-0.6819837118453378
1374.0,1500.0,15000.0,-0.7542675664946498
1375.0,1500.0,15000.0,-0.8264462809917446
1376.0,1500.0,15000.0,-0.8985200845666051
1377.0,1500.0,15000.0,-0.9704892057833324
1378.0,1500.0,15000.0,-1.0423538725425607
1379.0,1500.0,15000.0,-1.1141143120838641
1380.0,1500.0,15000.0,-1.1857707509881512
1381.0,1500.0,15000.0,-1.2573234151800499
1382.0,1500.0,15000.0,-1.3287725299302813
1383.0,1500.0,15000.0,-1.4001183198580252
1384.0,1500.0,15000.0,-1.4713610089332723
1385.0,1500.0,15000.0,-1.5425008204791688
1386.0,1500.0,15000.0,-1.6135379771743497
1387.0,1500.0,15000.0,-1.6844727010552623
1388.0,1500.0,22000.0,1.1711325035256646
1389.0,1500.0,22000.0,1.0982951151141989
1390.0,1500.0,22000.0,1.0255625287004477
1391.0,1500.0,22000.0,0.9529345182556594
1392.0,1500.0,22000.0,0.8804108584005907
1393.0,1500.0,22000.0,0.8079913244031747
1394.0,1500.0,22000.0,0.7356756921761997
1395.0,1500.0,22000.0,0.663463738274998
1396.0,1500.0,22000.0,0.5913552398951449
1397.0,1500.0,22000.0,0.5193499748701663
1398.0,1500.0,22000.0,0.4474477216692577
1399.0,1500.0,22000.0,0.3756482593950124
1400.0,1500.0,22000.0,0.30395136778115883
1401.0,1500.0,22000.0,0.2323568271903086
1402.0,1500.0,22000.0,0.16086441861171352
1403.0,1500.0,22000.0,0.08947392365903231
1404.0,1500.0,22000.0,0.018185124568107083
1405.0,1500.0,22000.0,-0.05300219580525101
1406.0,1500.0,22000.0,-0.12408825398746633
1407.0,1500.0,22000.0,-0.19507326588939422
1408.0,1500.0,22000.0,-0.26595744680850686
1409.0,1500.0,22000.0,-0.33674101143107
1410.0,1500.0,22000.0,-0.4074241738343104
1411.0,1500.0,22000.0,-0.47800714748857376
1412.0,1500.0,22000.0,-0.5484901452594743
1413.0,1500.0,22000.0,-0.6188733794100337
1414.0,1500.0,22000.0,-0.6891570616028131
1415.0,1500.0,22000.0,-0.7593414029020337
1416.0,1500.0,22000.0,-0.8294266137756905
1417.0,1500.0,22000.0,-0.8994129040976554
1418.0,1500.0,22000.0,-0.9693004831497727
1419.0,1500.0,22000.0,-1.0390895596239447
1420.0,1500.0,22000.0,-1.1087803416242097
1421.0,1500.0,22000.0,-1.178373036668809
1422.0,1500.0,22000.0,-1.2478678516922488
1423.0,1500.0,33000.0,0.8280118549298835
1424.0,1500.0,33000.0,0.7572056668295114
1425.0,1500.0,33000.0,0.6864988558352451
1426.0,1500.0,33000.0,0.615891212878839
1427.0,1500.0,33000.0,0.5453825294780829
1428.0,1500.0,33000.0,0.4749725977347509
1429.0,1500.0,33000.0,0.40466121033255725
1430.0,1500.0,33000.0,0.3344481605351219
1431.0,1500.0,33000.0,0.26433324218394433
1432.0,1500.0,33000.0,0.1943162496963857
1433.0,1500.0,33000.0,0.12439697806365968
1434.0,1500.0,33000.0,0.054575222848831456
1435.0,1500.0,33000.0,-0.015149219815174697
1436.0,1500.0,33000.0,-0.08477655322755967
1437.0,1500.0,33000.0,-0.1543069801216254
1438.0,1500.0,33000.0,-0.22374070266674245
1439.0,1500.0,33000.0,-0.2930779224703097
1440.0,1500.0,33000.0,-0.3623188405797053
1441.0,1500.0,33000.0,-0.43146365748423016
1442.0,1500.0,33000.0,-0.5005125731170428
1443.0,1500.0,33000.0,-0.5694657868570864
1444.0,1500.0,33000.0,-0.638323497531008
1445.0,1500.0,33000.0,-0.7070859034150697
1446.0,1500.0,47000.0,0.5261581896736016
1447.0,1500.0,47000.0,0.45668606929373035
1448.0,1500.0,47000.0,0.3873099048812347
1449.0,1500.0,47000.0,0.31802949776951545
1450.0,1500.0,47000.0,0.24884464984001922
1451.0,1500.0,47000.0,0.17975516352035
1452.0,1500.0,47000.0,0.11076084178238835
1453.0,1500.0,47000.0,0.04186148814041836
1454.0,1500.0,47000.0,-0.026943093350737364
1455.0,1500.0,47000.0,-0.09565309809757534
1456.0,1500.0,47000.0,-0.16426872096976108
1457.0,1500.0,47000.0,-0.23279015630197128
1458.0,1500.0,47000.0,-0.3012175978957285
1459.0,1500.0,47000.0,-0.36955123902122833
1460.0,1500.0,47000.0,-0.437791272419159
1461.0,1500.0,47000.0,-0.5059378903025135
1462.0,1500.0,68000.0,0.3848084323239121
1463.0,1500.0,68000.0,0.3161927054392068
1464.0,1500.0,68000.0,0.24767071588631112
1465.0,1500.0,68000.0,0.17924227171164472
1466.0,1500.0,68000.0,0.11090718148537484
1467.0,1500.0,68000.0,0.042665254299631576
1468.0,1500.0,68000.0,-0.025483700233270082
1469.0,1500.0,68000.0,-0.09353987198260073
1470.0,1500.0,68000.0,-0.16150345030097993
1471.0,1500.0,68000.0,-0.22937462402613223
1472.0,1500.0,68000.0,-0.2971535814826362
1473.0,1500.0,68000.0,-0.36484051048366634
1474.0,1500.0,100000.0,0.26000761976057213
1475.0,1500.0,100000.0,0.19203473323870052
1476.0,1500.0,100000.0,0.12415395089910791
1477.0,1500.0,100000.0,0.056365085664917595
1478.0,1500.0,100000.0,-0.011332049034449735
1479.0,1500.0,100000.0,-0.07893763926498763
1480.0,1500.0,100000.0,-0.14645187058980857
1481.0,1500.0,100000.0,-0.2138749280708418
1482.0,1500.0,100000.0,-0.2812069962705241
1483.0,1500.0,150000.0,0.1448762543145845
1484.0,1500.0,150000.0,0.07739318406235095
1485.0,1500.0,150000.0,0.0100010001000194
1486.0,1500.0,150000.0,-0.05730048105751762
1487.0,1500.0,150000.0,-0.12451144240179636
1488.0,1500.0,220000.00000000003,0.12378941236437474
1489.0,1500.0,220000.00000000003,0.05654710919959007
1490.0,1500.0,220000.00000000003,-0.010604935840141199
1491.0,1500.0,220000.00000000003,-0.07766690436070449
1492.0,1500.0,330000.0,0.08127812890470024
1493.0,1500.0,330000.0,0.014244452997865198
1494.0,1500.0,330000.0,-0.05269948572569429
1495.0,1500.0,470000.0,0.015250552389206676
1496.0,1500.0,470000.0,-0.051604561616401076
1497.0,1500.0,680000.0,-0.020143000601343025
1498.0,1500.0,1000000.0,-0.016463955601979937
1499.0,1500.0,2200000.0,-0.0014696753699252978
1500.0,1500.0,inf,0.0
1501.0,1500.0,inf,-0.06662225183211193
1502.0,1500.0,inf,-0.13315579227696406
1503.0,1500.0,inf,-0.19960079840319359
1504.0,1500.0,inf,-0.26595744680851063
1505.0,1500.0,inf,-0.33222591362126247
1506.0,1500.0,inf,-0.398406374501992
1507.0,1500.0,inf,-0.46449900464499
1508.0,1500.0,inf,-0.5305039787798408
1509.0,1500.0,inf,-0.5964214711729622
1510.0,1500.0,inf,-0.6622516556291391
1511.0,1500.0,inf,-0.727994705493051
1512.0,1500.0,inf,-0.7936507936507936
1513.0,1500.0,inf,-0.8592200925313946
1514.0,1500.0,inf,-0.9247027741083224
1515.0,1500.0,inf,-0.9900990099009901
1516.0,1500.0,inf,-1.0554089709762533
1517.0,1500.0,inf,-1.1206328279499012
1518.0,1500.0,inf,-1.185770750988142
1519.0,1500.0,inf,-1.2508229098090848
1520.0,1500.0,inf,-1.3157894736842104
1521.0,1500.0,inf,-1.3806706114398422
1522.0,1500.0,inf,-1.445466491458607
1523.0,1500.0,inf,-1.510177281680893
1524.0,1500.0,inf,-1.574803149606299
1525.0,1500.0,inf,-1.639344262295082
1526.0,1500.0,inf,-1.7038007863695939
1527.0,1500.0,inf,-1.768172888015717
1528.0,1500.0,inf,-1.832460732984293
1529.0,1500.0,inf,-1.896664486592544
1530.0,1500.0,inf,-1.9607843137254901
1531.0,1500.0,inf,-2.024820378837361
1532.0,1500.0,inf,-2.088772845953003
1533.0,1500.0,inf,-2.152641878669276
1534.0,1500.0,inf,-2.216427640156454
1535.0,1500.0,inf,-2.2801302931596092
1536.0,1500.0,inf,-2.34375
1537.0,1500.0,inf,-2.4072869225764477
1538.0,1500.0,inf,-2.4707412223667102
1539.0,1500.0,inf,-2.53411306042885
1540.0,1500.0,inf,-2.5974025974025974
1541.0,1500.0,inf,-2.6606099935107075
1542.0,1500.0,inf,-2.7237354085603114
1543.0,1500.0,inf,-2.7867790019442644
1544.0,1500.0,inf,-2.849740932642487
1545.0,1500.0,inf,-2.912621359223301
1546.0,1500.0,inf,-2.975420439844761
1547.0,1500.0,inf,-3.038138332255979
1548.0,1500.0,inf,-3.10077519379845
1549.0,1500.0,inf,-3.1633311814073597
1550.0,1500.0,inf,-3.225806451612903
1551.0,1500.0,inf,-3.2882011605415857
1552.0,1500.0,inf,-3.350515463917526
1553.0,1500.0,inf,-3.4127495170637476
1554.0,1500.0,inf,-3.474903474903475
1555.0,1500.0,inf,-3.536977491961415
1556.0,1500.0,inf,-3.5989717223650386
1557.0,1500.0,inf,-3.6608863198458574
1558.0,1500.0,inf,-3.7227214377406934
1559.0,1500.0,inf,-3.784477228992944
1560.0,1500.0,inf,-3.8461538461538463
1561.0,1500.0,inf,-3.9077514413837284
1562.0,1500.0,inf,-3.969270166453265
1563.0,1500.0,inf,-4.030710172744722
1564.0,1500.0,inf,-4.092071611253197
1565.0,1500.0,inf,-4.15335463258786
1566.0,1500.0,inf,-4.21455938697318
1567.0,1500.0,inf,-4.2756860242501595
1568.0,1500.0,inf,-4.336734693877551
1569.0,1500.0,inf,-4.397705544933078
1570.0,1500.0,inf,-4.45859872611465
1571.0,1500.0,inf,-4.519414385741566
1572.0,1500.0,inf,-4.580152671755725
1573.0,1500.0,inf,-4.640813731722822
1574.0,1500.0,inf,-4.701397712833545
1575.0,1500.0,inf,-4.761904761904762
1576.0,1500.0,inf,-4.822335025380711
1577.0,1500.0,inf,-4.882688649334179
1578.0,1500.0,inf,-4.942965779467681
1579.0,1500.0,inf,-5.00316656111463
1580.0,1500.0,inf,-5.063291139240507
1581.0,1500.0,inf,-5.1233396584440225
1582.0,1500.0,inf,-5.183312262958281
1583.0,1500.0,inf,-5.243209096651927
1584.0,1500.0,inf,-5.303030303030303
1585.0,1500.0,inf,-5.3627760252365935
1586.0,1500.0,inf,-5.422446406052964
1587.0,1500.0,inf,-5.482041587901701
1588.0,1500.0,inf,-5.541561712846348
1589.0,1500.0,inf,-5.601006922592826
1590.0,1500.0,inf,-5.660377358490567
1591.0,1500.0,inf,-5.719673161533627
1592.0,2200.0,6800.0,4.410943606923517
1593.0,2200.0,6800.0,4.345400013949931
1594.0,2200.0,6800.0,4.279938658859623
1595.0,2200.0,6800.0,4.214559386973192
1596.0,2200.0,6800.0,4.149262043998897
1597.0,2200.0,6800.0,4.0840464760314585
1598.0,2200.0,6800.0,4.018912529550839
1599.0,2200.0,6800.0,3.9538600514210382
1600.0,2200.0,6800.0,3.8888888888889
1601.0,2200.0,6800.0,3.823998889582911
1602.0,2200.0,6800.0,3.7591899015120096
1603.0,2200.0,6800.0,3.6944617730644045
1604.0,2200.0,6800.0,3.6298143530063838
1605.0,2200.0,6800.0,3.5652474904811466
1606.0,2200.0,6800.0,3.5007610350076215
1607.0,2200.0,6800.0,3.436354836479303
1608.0,2200.0,6800.0,3.3720287451630844
1609.0,2200.0,6800.0,3.307782611698098
1610.0,2200.0,6800.0,3.243616287094559
1611.0,2200.0,6800.0,3.179529622732613
1612.0,2200.0,6800.0,3.1155224703611912
1613.0,2200.0,6800.0,3.0515946820968627
1614.0,2200.0,6800.0,2.987746110422701
1615.0,2200.0,6800.0,2.9239766081871457
1616.0,2200.0,6800.0,2.860286028602871
1617.0,2200.0,6800.0,2.7966742252456647
1618.0,2200.0,6800.0,2.7331410520533
1619.0,2200.0,6800.0,2.6696863633244226
1620.0,2200.0,6800.0,2.6063100137174318
1621.0,2200.0,6800.0,2.543011858249377
1622.0,2200.0,6800.0,2.4797917522948456
1623.0,2200.0,6800.0,2.4166495515848676
1624.0,2200.0,6800.0,2.353585112205813
1625.0,2200.0,6800.0,2.2905982905983016
1626.0,2200.0,6800.0,2.227688943556113
1627.0,2200.0,6800.0,2.1648569282251016
1628.0,2200.0,6800.0,2.102102102102113
1629.0,2200.0,6800.0,2.0394243230339106
1630.0,2200.0,6800.0,1.976823449216098
1631.0,2200.0,6800.0,1.9142993391920538
1632.0,2200.0,6800.0,1.8518518518518627
1633.0,2200.0,6800.0,1.7894808464312553
1634.0,2200.0,6800.0,1.7271861825105508
1635.0,2200.0,6800.0,1.6649677200136024
1636.0,2200.0,6800.0,1.6028253192067483
1637.0,2200.0,6800.0,1.5407588406977641
1638.0,2200.0,6800.0,1.478768145434823
1639.0,2200.0,6800.0,1.4168530947054545
1640.0,2200.0,6800.0,1.3550135501355123
1641.0,2200.0,6800.0,1.2932493736881414
1642.0,2200.0,6800.0,1.2315604276627528
1643.0,2200.0,6800.0,1.1699465746939985
1644.0,2200.0,6800.0,1.1084076777507543
1645.0,2200.0,6800.0,1.0469436001351002
1646.0,2200.0,6800.0,0.9855542054813123
1647.0,2200.0,6800.0,0.9242393577548512
1648.0,2200.0,6800.0,0.8629989212513591
1649.0,2200.0,6800.0,0.8018327605956579
1650.0,2200.0,6800.0,0.7407407407407515
1651.0,3300.0,3300.0,-0.06056935190793458
1652.0,3300.0,3300.0,-0.12106537530266344
1653.0,3300.0,3300.0,-0.18148820326678766
1654.0,3300.0,3300.0,-0.24183796856106407
1655.0,3300.0,3300.0,-0.3021148036253776
1656.0,3300.0,3300.0,-0.36231884057971014
1657.0,2200.0,6800.0,0.31516126869175615
1658.0,2200.0,6800.0,0.2546575526068998
1659.0,2200.0,6800.0,0.19422677650526818
1660.0,2200.0,6800.0,0.1338688085676144
1661.0,2200.0,6800.0,0.0735835172921372
1662.0,2200.0,6800.0,0.013370771493525816
1663.0,2200.0,6800.0,-0.04676955969799164
1664.0,2200.0,6800.0,-0.1068376068375962
1665.0,2200.0,6800.0,-0.16683350016682288
1666.0,2200.0,6800.0,-0.22675736961450185
1667.0,2200.0,6800.0,-0.2866093447976965
1668.0,2200.0,6800.0,-0.34638955502263796
1669.0,2200.0,6800.0,-0.4060981292856561
1670.0,2200.0,6800.0,-0.46573519627410787
1671.0,2200.0,6800.0,-0.525300884367301
1672.0,2200.0,6800.0,-0.5847953216374163
1673.0,2200.0,6800.0,-0.6442186358504245
1674.0,2200.0,6800.0,-0.7035709544670012
1675.0,2200.0,6800.0,-0.7628524046434388
1676.0,2200.0,6800.0,-0.8220631132325537
1677.0,2200.0,6800.0,-0.8812032067845915
1678.0,2200.0,6800.0,-0.9402728115481288
1679.0,2200.0,6800.0,-0.9992720534709709
1680.0,2200.0,6800.0,-1.0582010582010477
1681.0,2200.0,6800.0,-1.1170599510873052
1682.0,2200.0,6800.0,-1.1758488571805945
1683.0,2200.0,6800.0,-1.2345679012345574
1684.0,2200.0,6800.0,-1.2932172077065085
1685.0,2200.0,6800.0,-1.3517969007583146
1686.0,2200.0,6800.0,-1.4103071042572717
1687.0,2200.0,6800.0,-1.468747941776977
1688.0,2200.0,6800.0,-1.527119536598199
1689.0,2200.0,6800.0,-1.5854220117097455
1690.0,2200.0,6800.0,-1.6436554898093254
1691.0,2200.0,6800.0,-1.7018200933044114
1692.0,2200.0,6800.0,-1.759915944313097
1693.0,2200.0,6800.0,-1.8179431646649498
1694.0,2200.0,6800.0,-1.8759018759018655
1695.0,2200.0,6800.0,-1.9337921992789144
1696.0,2200.0,6800.0,-1.9916142557651888
1697.0,2200.0,6800.0,-2.0493681660446437
1698.0,2200.0,6800.0,-2.107054050516938
1699.0,2200.0,6800.0,-2.1646720292982695
1700.0,2200.0,6800.0,-2.222222222222212
1701.0,2200.0,6800.0,-2.279704748840541
1702.0,2200.0,6800.0,-2.337119728424066
1703.0,2200.0,6800.0,-2.394467279963453
1704.0,2200.0,6800.0,-2.451747522170047
1705.0,2200.0,6800.0,-2.508960573476692
1706.0,2200.0,6800.0,-2.5661065520385464
1707.0,2200.0,6800.0,-2.6231855757338955
1708.0,2200.0,6800.0,-2.680197762164965
1709.0,2200.0,6800.0,-2.7371432286587245
1710.0,2200.0,6800.0,-2.794022092267696
1711.0,2200.0,6800.0,-2.8508344697707537
1712.0,2200.0,6800.0,-2.907580477673925
1713.0,2200.0,6800.0,-2.9642602322111853
1714.0,2200.0,6800.0,-3.020873849345251
1715.0,2200.0,6800.0,-3.077421444768373
1716.0,2200.0,6800.0,-3.133903133903124
1717.0,2200.0,6800.0,-3.19031903190318
1718.0,2200.0,6800.0,-3.2466692536541095
1719.0,2200.0,6800.0,-3.3029539137741484
1720.0,2200.0,6800.0,-3.359173126614977
1721.0,2200.0,6800.0,-3.415327006262499
1722.0,2200.0,6800.0,-3.4714156665376077
1723.0,2200.0,6800.0,-3.5274392209969587
1724.0,2200.0,6800.0,-3.583397782933736
1725.0,2200.0,6800.0,-3.6392914653784114
1726.0,2200.0,6800.0,-3.6951203810995135
1727.0,2200.0,6800.0,-3.7508846426043774
1728.0,2200.0,6800.0,-3.8065843621399074
1729.0,2200.0,6800.0,-3.8622196516933256
1730.0,2200.0,6800.0,-3.917790622992925
1731.0,2200.0,6800.0,-3.973297387508816
1732.0,2200.0,6800.0,-4.028740056453673
1733.0,2200.0,6800.0,-4.084118740783474
1734.0,2200.0,6800.0,-4.1394335511982465
1735.0,2200.0,6800.0,-4.194684598142802
1736.0,2200.0,6800.0,-4.249871991807465
1737.0,2200.0,6800.0,-4.30499584212882
1738.0,2200.0,6800.0,-4.360056258790426
1739.0,2200.0,6800.0,-4.415053351223554
1740.0,2200.0,6800.0,-4.469987228607907
1741.0,2200.0,6800.0,-4.524857999872349
1742.0,2200.0,6800.0,-4.579665773695614
1743.0,2200.0,6800.0,-4.634410658507035
1744.0,2200.0,10000.0,3.399007369529246
1745.0,2200.0,10000.0,3.339752924045275
1746.0,2200.0,10000.0,3.2805663530693043
1747.0,2200.0,10000.0,3.221447540045223
1748.0,2200.0,10000.0,3.162396368683641
1749.0,2200.0,10000.0,3.103412722961124
1750.0,2200.0,10000.0,3.0444964871194315
1751.0,2200.0,10000.0,2.985647545664766
1752.0,2200.0,10000.0,2.9268657833670124
1753.0,2200.0,10000.0,2.8681510852589875
1754.0,2200.0,10000.0,2.809503336635693
1755.0,2200.0,10000.0,2.7509224230535643
1756.0,2200.0,10000.0,2.6924082303297294
1757.0,2200.0,10000.0,2.633960644541266
1758.0,2200.0,10000.0,2.575579552024463
1759.0,2200.0,10000.0,2.517264839374079
1760.0,2200.0,10000.0,2.459016393442617
1761.0,2200.0,10000.0,2.4008341013395826
1762.0,2200.0,10000.0,2.3427178504307635
1763.0,2200.0,10000.0,2.2846675283374958
1764.0,2200.0,10000.0,2.226683022935944
1765.0,2200.0,10000.0,2.168764222356377
1766.0,2200.0,10000.0,2.110911014982449
1767.0,2200.0,10000.0,2.053123289450484
1768.0,2200.0,10000.0,1.9954009346487587
1769.0,2200.0,10000.0,1.937743839716792
1770.0,2200.0,10000.0,1.8801518940446356
1771.0,2200.0,10000.0,1.8226249872721656
1772.0,2200.0,10000.0,1.7651630092883774
1773.0,2200.0,10000.0,1.7077658502306854
1774.0,2200.0,10000.0,1.6504334004842196
1775.0,2200.0,10000.0,1.5931655506811297
1776.0,2200.0,10000.0,1.5359621916998902
1777.0,2200.0,10000.0,1.478823214664606
1778.0,2200.0,10000.0,1.4217485109443224
1779.0,2200.0,10000.0,1.3647379721523358
1780.0,2200.0,10000.0,1.3077914901455086
1781.0,2200.0,10000.0,1.2509089570235852
1782.0,2200.0,10000.0,1.1940902651285101
1783.0,2200.0,10000.0,1.1373353070437493
1784.0,2200.0,10000.0,1.0806439755936128
1785.0,2200.0,10000.0,1.02401616384258
1786.0,2200.0,10000.0,0.9674517650946278
1787.0,2200.0,10000.0,0.9109506728925602
1788.0,2200.0,10000.0,0.8545127810173407
1789.0,2200.0,10000.0,0.798137983487426
1790.0,2200.0,10000.0,0.7418261745581035
1791.0,2200.0,10000.0,0.6855772487208293
1792.0,2200.0,10000.0,0.6293911007025699
1793.0,2200.0,10000.0,0.5732676254651451
1794.0,2200.0,10000.0,0.5172067182045736
1795.0,2200.0,10000.0,0.4612082743504207
1796.0,2200.0,10000.0,0.4052721895651477
1797.0,2200.0,10000.0,0.3493983597434642
1798.0,2200.0,10000.0,0.2935866810116825
1799.0,2200.0,10000.0,0.23783704972707348
1800.0,2200.0,10000.0,0.18214936247722513
1801.0,2200.0,10000.0,0.12652351607940324
1802.0,2200.0,10000.0,0.07095940757991409
1803.0,2200.0,10000.0,0.015456934253469336
1804.0,2200.0,10000.0,-0.039984006397447217
1805.0,2200.0,10000.0,-0.09536351664321041
1806.0,2200.0,10000.0,-0.1506816985276826
1807.0,2200.0,10000.0,-0.2059386538688405
1808.0,2200.0,10000.0,-0.2611344842593998
1809.0,2200.0,10000.0,-0.3162692910674377
1810.0,2200.0,10000.0,-0.3713431754370137
1811.0,2200.0,10000.0,-0.4263562382887879
1812.0,2200.0,10000.0,-0.4813085803206373
1813.0,2200.0,10000.0,-0.5362003020082707
1814.0,2200.0,10000.0,-0.5910315036058406
1815.0,2200.0,10000.0,-0.6458022851465536
1816.0,2200.0,10000.0,-0.7005127464432791
1817.0,2200.0,10000.0,-0.7551629870891551
1818.0,2200.0,10000.0,-0.809753106458193
1819.0,2200.0,10000.0,-0.8642832037058795
1820.0,2200.0,10000.0,-0.9187533777697774
1821.0,2200.0,10000.0,-0.9731637273701235
1822.0,2200.0,10000.0,-1.0275143510104252
1823.0,2200.0,10000.0,-1.0818053469780553
1824.0,2200.0,10000.0,-1.1360368133448435
1825.0,2200.0,10000.0,-1.1902088479676685
1826.0,2200.0,10000.0,-1.2443215484890442
1827.0,2200.0,10000.0,-1.2983750123377091
1828.0,2200.0,10000.0,-1.3523693367292093
1829.0,2200.0,10000.0,-1.4063046186664816
1830.0,2200.0,10000.0,-1.4601809549404343
1831.0,2200.0,10000.0,-1.5139984421305268
1832.0,2200.0,10000.0,-1.5677571766053464
1833.0,2200.0,10000.0,-1.6214572545231831
1834.0,2200.0,10000.0,-1.6750987718326036
1835.0,2200.0,10000.0,-1.7286818242730217
1836.0,2200.0,10000.0,-1.7822065073752698
1837.0,2200.0,10000.0,-1.8356729164621637
1838.0,2200.0,10000.0,-1.8890811466490722
1839.0,2200.0,10000.0,-1.9424312928444778
1840.0,2200.0,10000.0,-1.9957234497505405
1841.0,2200.0,10000.0,-2.0489577118636584
1842.0,2200.0,10000.0,-2.102134173475024
1843.0,2200.0,10000.0,-2.1552529286711852
1844.0,2200.0,10000.0,-2.208314071334596
1845.0,2200.0,10000.0,-2.2613176951441707
1846.0,2200.0,10000.0,-2.314263893575837
1847.0,2200.0,10000.0,-2.3671527599030835
1848.0,2200.0,10000.0,-2.419984387197508
1849.0,2200.0,10000.0,-2.4727588683293646
1850.0,2200.0,10000.0,-2.5254762959681054
1851.0,2200.0,10000.0,-2.5781367625829255
1852.0,2200.0,10000.0,-2.6307403604433017
1853.0,2200.0,10000.0,-2.683287181619533
1854.0,2200.0,10000.0,-2.7357773179832767
1855.0,2200.0,10000.0,-2.7882108612080834
1856.0,2200.0,10000.0,-2.8405879027699323
1857.0,2200.0,10000.0,-2.8929085339477623
1858.0,2200.0,10000.0,-2.9451728458240014
1859.0,2200.0,10000.0,-2.9973809292850966
1860.0,2200.0,10000.0,-3.0495328750220403
1861.0,2200.0,10000.0,-3.1016287735308947
1862.0,2200.0,10000.0,-3.1536687151133163
1863.0,2200.0,10000.0,-3.2056527898770772
1864.0,2200.0,10000.0,-3.257581087736585
1865.0,2200.0,10000.0,-3.3094536984134018
1866.0,2200.0,10000.0,-3.3612707114367604
1867.0,2200.0,10000.0,-3.413032216144079
1868.0,2200.0,10000.0,-3.464738301681475
1869.0,2200.0,10000.0,-3.5163890570042775
1870.0,2200.0,10000.0,-3.5679845708775373
1871.0,2200.0,15000.0,2.5443426596895007
1872.0,2200.0,15000.0,2.4895646988670173
1873.0,2200.0,15000.0,2.4348452302611086
1874.0,2200.0,15000.0,2.380184160234288
1875.0,2200.0,15000.0,2.32558139534883
1876.0,2200.0,15000.0,2.2710368423662346
1877.0,2200.0,15000.0,2.2165504082467002
1878.0,2200.0,15000.0,2.1621220001485923
1879.0,2200.0,15000.0,2.1077515254279167
1880.0,2200.0,15000.0,2.0534388916377955
1881.0,2200.0,15000.0,1.9991840065279405
1882.0,2200.0,15000.0,1.944986778044132
1883.0,2200.0,15000.0,1.8908471143276984
1884.0,2200.0,15000.0,1.8367649237149979
1885.0,2200.0,15000.0,1.7827401147369
1886.0,2200.0,15000.0,1.7287725961182692
1887.0,2200.0,15000.0,1.6748622767774544
1888.0,2200.0,15000.0,1.6210090658257712
1889.0,2200.0,15000.0,1.5672128725669963
1890.0,2200.0,15000.0,1.513473606496855
1891.0,2200.0,15000.0,1.4597911773025152
1892.0,2200.0,15000.0,1.4061654948620803
1893.0,2200.0,15000.0,1.3525964692440866
1894.0,2200.0,15000.0,1.299084010706999
1895.0,2200.0,15000.0,1.2456280296987103
1896.0,2200.0,15000.0,1.192228436856042
1897.0,2200.0,15000.0,1.1388851430042468
1898.0,2200.0,15000.0,1.08559805915651
1899.0,2200.0,15000.0,1.0323670965134577
1900.0,2200.0,15000.0,0.979192166462661
1901.0,2200.0,15000.0,0.9260731805781461
1902.0,2200.0,15000.0,0.8730100506199033
1903.0,2200.0,15000.0,0.8200026885333979
1904.0,2200.0,15000.0,0.7670510064490841
1905.0,2200.0,15000.0,0.7141549166819192
1906.0,2200.0,15000.0,0.6613143317308793
1907.0,2200.0,15000.0,0.6085291642784773
1908.0,2200.0,15000.0,0.5557993271902809
1909.0,2200.0,15000.0,0.5031247335144348
1910.0,2200.0,15000.0,0.4505052964811812
1911.0,2200.0,15000.0,0.3979409295023841
1912.0,2200.0,15000.0,0.34543154617105437
1913.0,2200.0,15000.0,0.2929770602608761
1914.0,2200.0,15000.0,0.2405773857257346
1915.0,2200.0,15000.0,0.18823243669924594
1916.0,2200.0,15000.0,0.1359421274942881
1917.0,2200.0,15000.0,0.08370637260253314
1918.0,2200.0,15000.0,0.03152508669398124
1919.0,2200.0,15000.0,-0.020601815383503898
1920.0,2200.0,15000.0,-0.07267441860465833
1921.0,2200.0,15000.0,-0.12469280776727953
1922.0,2200.0,15000.0,-0.17665706749268678
1923.0,2200.0,15000.0,-0.22856728222617995
1924.0,2200.0,15000.0,-0.28042353623749683
1925.0,2200.0,15000.0,-0.33222591362126963
1926.0,2200.0,15000.0,-0.3839744982974787
1927.0,2200.0,15000.0,-0.4356693740119066
1928.0,2200.0,15000.0,-0.4873106243365892
1929.0,3300.0,4700.0,0.505443234836703
1930.0,3300.0,4700.0,0.45336787564766834
1931.0,3300.0,4700.0,0.4013464526152252
1932.0,3300.0,4700.0,0.34937888198757766
1933.0,3300.0,4700.0,0.297465080186239
1934.0,3300.0,4700.0,0.24560496380558428
1935.0,3300.0,4700.0,0.1937984496124031
1936.0,3300.0,4700.0,0.14204545454545456
1937.0,3300.0,4700.0,0.09034589571502323
1938.0,3300.0,4700.0,0.03869969040247678
1939.0,3300.0,4700.0,-0.01289324394017535
1940.0,3300.0,4700.0,-0.06443298969072164
1941.0,3300.0,4700.0,-0.11591962905718702
1942.0,3300.0,4700.0,-0.16735324407826982
1943.0,3300.0,4700.0,-0.21873391662377764
1944.0,3300.0,4700.0,-0.2700617283950617
1945.0,3300.0,4700.0,-0.3213367609254499
1946.0,3300.0,4700.0,-0.3725590955806783
1947.0,3300.0,4700.0,-0.423728813559322
1948.0,3300.0,4700.0,-0.47484599589322385
1949.0,3300.0,4700.0,-0.525910723447922
1950.0,3300.0,4700.0,-0.576923076923077
1951.0,3300.0,4700.0,-0.627883136852896
1952.0,3300.0,4700.0,-0.6787909836065573
1953.0,3300.0,4700.0,-0.7296466973886329
1954.0,3300.0,4700.0,-0.7804503582395087
1955.0,3300.0,4700.0,-0.8312020460358057
1956.0,3300.0,4700.0,-0.8819018404907975
1957.0,3300.0,4700.0,-0.9325498211548288
1958.0,3300.0,4700.0,-0.9831460674157303
1959.0,3300.0,4700.0,-1.0336906584992342
1960.0,3300.0,4700.0,-1.0841836734693877
1961.0,3300.0,4700.0,-1.1346251912289649
1962.0,3300.0,4700.0,-1.1850152905198776
1963.0,3300.0,4700.0,-1.2353540499235864
1964.0,3300.0,4700.0,-1.285641547861507
1965.0,3300.0,4700.0,-1.3358778625954197
1966.0,3300.0,4700.0,-1.386063072227874
1967.0,3300.0,4700.0,-1.436197254702593
1968.0,3300.0,4700.0,-1.486280487804878
1969.0,3300.0,4700.0,-1.536312849162011
1970.0,2200.0,22000.0,1.5228426395939088
1971.0,2200.0,22000.0,1.4713343480466767
1972.0,2200.0,22000.0,1.4198782961460445
1973.0,2200.0,22000.0,1.3684744044602128
1974.0,2200.0,22000.0,1.3171225937183384
1975.0,2200.0,22000.0,1.2658227848101267
1976.0,2200.0,22000.0,1.214574898785425
1977.0,2200.0,22000.0,1.163378856853819
1978.0,2200.0,22000.0,1.1122345803842264
1979.0,2200.0,22000.0,1.0611419909044972
1980.0,2200.0,22000.0,1.0101010101010102
1981.0,2200.0,22000.0,0.9591115598182737
1982.0,2200.0,22000.0,0.9081735620585267
1983.0,2200.0,22000.0,0.8572869389813415
1984.0,2200.0,22000.0,0.8064516129032258
1985.0,2200.0,22000.0,0.7556675062972292
1986.0,2200.0,22000.0,0.7049345417925479
1987.0,2200.0,22000.0,0.6542526421741319
1988.0,2200.0,22000.0,0.6036217303822937
1989.0,2200.0,22000.0,0.5530417295123178
1990.0,2200.0,22000.0,0.5025125628140703
1991.0,2200.0,22000.0,0.45203415369161226
1992.0,2200.0,22000.0,0.4016064257028112
1993.0,2200.0,22000.0,0.35122930255895635
1994.0,2200.0,22000.0,0.3009027081243731
1995.0,2200.0,22000.0,0.2506265664160401
1996.0,2200.0,22000.0,0.2004008016032064
1997.0,2200.0,22000.0,0.15022533800701052
1998.0,2200.0,22000.0,0.10010010010010009
1999.0,2200.0,22000.0,0.05002501250625312
